<?xml version="1.0" encoding="utf-8" standalone="yes"?>
<rss version="2.0" xmlns:atom="http://www.w3.org/2005/Atom">
  <channel>
    <title>Partnership at a Glance on ADB and the GCF</title>
    <link>https://www.adb.org/multimedia/adbandgcf/partnership-at-a-glance/</link>
    <description>Recent content in Partnership at a Glance on ADB and the GCF</description>
    <generator>Hugo -- gohugo.io</generator>
    <language>en-us</language>
    <lastBuildDate>Sun, 07 Jun 2020 10:14:26 +0800</lastBuildDate><atom:link href="https://www.adb.org/multimedia/adbandgcf/partnership-at-a-glance/index.xml" rel="self" type="application/rss+xml" />
  </channel>
</rss>
