<?xml version="1.0" encoding="utf-8" standalone="yes"?><rss version="2.0" xmlns:atom="http://www.w3.org/2005/Atom"><channel><title>ADB and the GCF</title><link>https://www.adb.org/multimedia/adbandgcf/adb-and-the-gcf/</link><description>Recent content on ADB and the GCF</description><generator>Hugo -- gohugo.io</generator><language>en-us</language><lastBuildDate/><atom:link href="https://www.adb.org/multimedia/adbandgcf/adb-and-the-gcf/index.xml" rel="self" type="application/rss+xml"/></channel></rss>