<?xml version="1.0" encoding="utf-8" standalone="yes"?>
<rss version="2.0" xmlns:atom="http://www.w3.org/2005/Atom">
  <channel>
    <title>Our Projects on ADB and the GCF</title>
    <link>https://stage.adb.org/multimedia/adbandgcf/our-projects/</link>
    <description>Recent content in Our Projects on ADB and the GCF</description>
    <generator>Hugo -- gohugo.io</generator>
    <language>en-us</language>
    <lastBuildDate>Sun, 07 Jun 2020 10:17:46 +0800</lastBuildDate><atom:link href="https://stage.adb.org/multimedia/adbandgcf/our-projects/index.xml" rel="self" type="application/rss+xml" />
    <item>
      <title>Fiji</title>
      <link>https://stage.adb.org/multimedia/adbandgcf/our-projects/fiji/</link>
      <pubDate>Sun, 07 Jun 2020 10:20:27 +0800</pubDate>
      
      <guid>https://stage.adb.org/multimedia/adbandgcf/our-projects/fiji/</guid>
      <description>The project was ADB’s first GCF project, approved in November 2015, and was among the first group of projects to be approved by the GCF board.</description>
    </item>
    
    <item>
      <title>Cook Islands</title>
      <link>https://stage.adb.org/multimedia/adbandgcf/our-projects/cook-islands/</link>
      <pubDate>Tue, 09 Jun 2020 00:31:28 +0800</pubDate>
      
      <guid>https://stage.adb.org/multimedia/adbandgcf/our-projects/cook-islands/</guid>
      <description>The GCF is providing a $12 million grant to co-finance the project, part of the 7-year Pacific Islands Renewable Investment Program, which also covers the Federated States of Micronesia, the Marshall Islands, Nauru, Papua New Guinea, Samoa, and Tonga.</description>
    </item>
    
    <item>
      <title>Nauru</title>
      <link>https://stage.adb.org/multimedia/adbandgcf/our-projects/nauru/</link>
      <pubDate>Tue, 09 Jun 2020 01:18:19 +0800</pubDate>
      
      <guid>https://stage.adb.org/multimedia/adbandgcf/our-projects/nauru/</guid>
      <description>This project was approved by the GCF in October 2017. It will transform Nauru’s 111-year-old boat harbor in Aiwo from a dysfunctional facility into an efficient and climate-resilient port—the country’s first fully functioning international port—to ensure economic, cultural, and social connectivity for Nauru within the region and globally.</description>
    </item>
    
    <item>
      <title>Tajikistan</title>
      <link>https://stage.adb.org/multimedia/adbandgcf/our-projects/tajikistan/</link>
      <pubDate>Tue, 09 Jun 2020 01:52:24 +0800</pubDate>
      
      <guid>https://stage.adb.org/multimedia/adbandgcf/our-projects/tajikistan/</guid>
      <description>The State Agency for Hydrometeorology (Hydromet) is the climate and weather agency of Tajikistan, a Central Asian country highly prone to climate-related extreme weather events.</description>
    </item>
    
    <item>
      <title>Cambodia</title>
      <link>https://stage.adb.org/multimedia/adbandgcf/our-projects/cambodia/</link>
      <pubDate>Tue, 09 Jun 2020 02:09:18 +0800</pubDate>
      
      <guid>https://stage.adb.org/multimedia/adbandgcf/our-projects/cambodia/</guid>
      <description>The project, part of a regional ADB program that also includes the Lao People’s Democratic Republic and Myanmar, was approved for GCF co-financing in February 2018.</description>
    </item>
    
    <item>
      <title>Mongolia</title>
      <link>https://stage.adb.org/multimedia/adbandgcf/our-projects/mongolia-2/</link>
      <pubDate>Tue, 09 Jun 2020 02:26:09 +0800</pubDate>
      
      <guid>https://stage.adb.org/multimedia/adbandgcf/our-projects/mongolia-2/</guid>
      <description>Ulaanbaatar city in Mongolia is home to more than 1.4 million people.</description>
    </item>
    
    <item>
      <title>Mongolia</title>
      <link>https://stage.adb.org/multimedia/adbandgcf/our-projects/mongolia/</link>
      <pubDate>Tue, 09 Jun 2020 02:26:09 +0800</pubDate>
      
      <guid>https://stage.adb.org/multimedia/adbandgcf/our-projects/mongolia/</guid>
      <description>Rangelands are one of the world&amp;rsquo;s predominant ecosystems, representing about 70% of the earth&amp;rsquo;s land surface, excluding Antarctica.</description>
    </item>
    
    <item>
      <title>People&#39;s Republic of China (PRC)</title>
      <link>https://stage.adb.org/multimedia/adbandgcf/our-projects/peoples-republic-of-china/</link>
      <pubDate>Tue, 09 Jun 2020 22:40:45 +0800</pubDate>
      
      <guid>https://stage.adb.org/multimedia/adbandgcf/our-projects/peoples-republic-of-china/</guid>
      <description>The program is a pilot run of an estimated $1.4 billion transformational and disruptive financing mechanism backing the efforts of Shandong province to decarbonize its economy and reduce its climate vulnerability.</description>
    </item>
    
    <item>
      <title>Southeast Asia</title>
      <link>https://stage.adb.org/multimedia/adbandgcf/our-projects/southeast-asia/</link>
      <pubDate>Tue, 09 Jun 2020 22:40:45 +0800</pubDate>
      
      <guid>https://stage.adb.org/multimedia/adbandgcf/our-projects/southeast-asia/</guid>
      <description>The ASEAN Catalytic Green Finance Facility Green Recovery Program (ACGF GRP) is a comprehensive, country-owned, multi-instrument approach to support countries pursue a low-emission path to post-coronavirus disease (COVID-19) recovery.</description>
    </item>
    
    <item>
      <title>Pakistan</title>
      <link>https://stage.adb.org/multimedia/adbandgcf/our-projects/pakistan/</link>
      <pubDate>Tue, 09 Jun 2020 22:59:05 +0800</pubDate>
      
      <guid>https://stage.adb.org/multimedia/adbandgcf/our-projects/pakistan/</guid>
      <description>The project will develop a sustainable urban transport system in Karachi, Pakistan’s largest city, economic and financial center, and main seaport, directly benefiting 1.</description>
    </item>
    
    <item>
      <title>Tonga</title>
      <link>https://stage.adb.org/multimedia/adbandgcf/our-projects/tonga/</link>
      <pubDate>Tue, 09 Jun 2020 23:17:24 +0800</pubDate>
      
      <guid>https://stage.adb.org/multimedia/adbandgcf/our-projects/tonga/</guid>
      <description>The Renewable Energy Project will help Tonga rapidly move from its heavy dependence on imported fossil fuels for power generation (about 90%) to using clean and renewable energy resources that are low carbon and climate resilient.</description>
    </item>
    
    <item>
      <title>Kiribati</title>
      <link>https://stage.adb.org/multimedia/adbandgcf/our-projects/kiribati/</link>
      <pubDate>Tue, 09 Jun 2020 23:31:53 +0800</pubDate>
      
      <guid>https://stage.adb.org/multimedia/adbandgcf/our-projects/kiribati/</guid>
      <description>Kiribati is one of the most remote and least developed countries in the world.</description>
    </item>
    
  </channel>
</rss>
