<?xml version="1.0" encoding="utf-8" standalone="yes"?>
<rss version="2.0" xmlns:atom="http://www.w3.org/2005/Atom">
  <channel>
    <title>Tags on ADB and the GCF</title>
    <link>https://stage.adb.org/multimedia/adbandgcf/tags/</link>
    <description>Recent content in Tags on ADB and the GCF</description>
    <generator>Hugo -- gohugo.io</generator>
    <language>en-us</language><atom:link href="https://stage.adb.org/multimedia/adbandgcf/tags/index.xml" rel="self" type="application/rss+xml" />
  </channel>
</rss>
